Gr Lat, W Lon, Az (W from N)
-68.837121,89.238229,129.72335
-68.872797,89.352342,126.21169
-68.902931,89.476882,108.27274
-68.907014,89.628072,95.804872
-68.914361,89.776439,94.987642
-68.91678,89.926191,98.678031
-68.931338,90.072405,111.36458
-68.95767,90.204349,127.79544
-68.999446,90.306367,145.80874
-69.050196,90.372126,154.68117
-69.101627,90.435781,148.60098
-69.146083,90.52923,138.53377
-69.186137,90.636555,138.6925
-69.231359,90.731028,129.22401
-69.255,90.864194,119.91155
-69.286427,90.989461,122.29315
-69.315139,91.121491,125.00014
-69.351205,91.239935,129.00067
-69.386416,91.360266,130.99299
-69.425378,91.471853,136.8606
-69.468849,91.570624,141.64917
-69.514096,91.663478,143.28543
-69.559788,91.756209,140.67857
-69.601602,91.860023,132.42621
-69.635682,91.984211,130.02549
-69.674326,92.098057,133.17103
-69.713153,92.211724,133.00437
-69.751568,92.326644,133.11508
-69.790533,92.44025,135.40268
-69.83214,92.546782,137.15827
-69.873561,92.654084,137.16569
-69.915174,92.761006,137.14049
-69.956573,92.868876,135.72163
-69.996329,92.982079,137.47029
-70.039805,93.08259,143.8734
-70.087494,93.168923,143.39236
-70.130357,93.271962,136.81917
-70.169879,93.386798,136.80762
-70.212882,93.490673,141.0954
-70.25796,93.588045,143.42655
-70.303974,93.682533,141.29883
-70.346143,93.789018,134.18437
-70.382666,93.91305,134.16187
-70.424639,94.01949,142.82514
-70.472362,94.107734,146.41033
-70.519201,94.199851,144.34096
-70.56446,94.297874,144.33499
-70.611156,94.390152,146.6163
-70.658971,94.478003,146.06272
-70.705045,94.573334,142.70558
-70.749012,94.677155,139.77512
-70.791539,94.786113,136.98272
-70.831857,94.902337,133.34869
-70.869492,95.026976,134.26828
-70.910829,95.139096,141.36971
-70.957532,95.233371,138.35722
-70.994701,95.35833,131.34114
-71.03236,95.483378,134.32967
-71.07396,95.597451,133.62352
-71.110346,95.725048,127.47138
-71.142832,95.862866,129.1686
-71.181799,95.984653,134.70429
-71.222582,96.102236,132.06587
-71.257606,96.234561,126.57315
-71.290181,96.373341,127.11223
-71.326131,96.50452,131.85411
-71.365827,96.625891,137.32405
-71.40941,96.735016,138.50015
-71.450627,96.851753,134.05827
-71.488158,96.980213,133.57773
-71.528842,97.099831,136.32871
-71.570244,97.217465,133.87349
-71.607292,97.347242,129.16891
-71.641867,97.484119,130.38391
-71.680794,97.609904,133.39652
-71.719856,97.735639,130.34162
-71.754253,97.873946,129.33408
-71.791721,98.003708,136.82837
-71.836972,98.112285,140.37582
-71.879281,98.227269,130.31674
-71.908992,98.37364,117.89198
-71.932404,98.535061,114.29373
-71.956253,98.694337,115.68502
-71.981888,98.850881,118.51495
-72.010663,99.002676,119.3212
-72.037731,99.157597,117.58234
-72.063499,99.314808,119.96712
-72.094678,99.463224,119.72458
-72.119875,99.620822,112.54147
-72.138427,99.78868,109.5607
-72.158367,99.95462,114.41099
-72.185667,100.11116,123.84454
-72.221559,100.24874,134.07976
-72.264513,100.36708,139.87017
-72.308384,100.48001,135.37159
-72.344937,100.61807,129.27199
-72.380461,100.75838,127.86501
-72.41472,100.90187,127.25348
-72.449273,101.04494,127.54219
-72.483986,101.18792,129.11137
-72.520997,101.3257,130.57247
-72.558005,101.46382,127.84411
-72.590746,101.61244,124.52799
-72.622618,101.76375,120.15724
-72.648003,101.92683,126.11902
-72.688698,102.0541,130.92532
-72.722079,102.20227,130.53074
-72.762749,102.33373,128.20263
-72.791754,102.48843,121.19338
-72.821359,102.64572,126.78876
-72.859553,102.78218,131.99829
-72.896842,102.91883,127.10331
-72.927737,103.07566,126.13983
-72.96406,103.21877,130.54151
-73.001758,103.35907,119.82472
-73.019505,103.5339,112.86222
-73.045972,103.69877,114.56929
-73.067667,103.87634,132.32494
-73.116837,103.95527,138.06683
-73.148183,104.11674,119.05154
-73.172911,104.28669,118.30112
-73.202495,104.44814,120.98569
-73.231825,104.61035,119.45672
-73.258783,104.77708,115.92136
-73.282007,104.95047,109.33816
-73.296951,105.13269,106.31779
-73.314546,105.31202,110.73346
-73.337718,105.48622,114.85723
-73.362916,105.65709,118.45624
-73.392346,105.82111,122.57521
-73.424544,105.97933,128.4486
-73.462601,106.11866,118.91192
-73.478299,106.30484,109.84628
-73.501729,106.47717,121.01711
-73.536756,106.63134,122.86267
-73.563609,106.80008,116.41448
-73.587703,106.97543,116.56261
-73.615013,107.14554,122.19577
-73.648557,107.30259,127.391
-73.684105,107.45356,123.16282
-73.710817,107.62681,109.9304
-73.723233,107.81522,103.88766
-73.738882,108.00175,116.58714
-73.773854,108.15814,135.04821
-73.818988,108.27807,140.99293
-73.862061,108.40701,137.26449
-73.902478,108.54667,140.05389
-73.949167,108.6622,135.48331
-73.981417,108.81808,125.84229
-74.014894,108.97838,129.56713
-74.053766,109.12393,126.60658
-74.082594,109.29677,121.02464
-74.112935,109.4663,121.58422
-74.142651,109.63759,118.42814
-74.1676,109.81805,116.75736
-74.194441,109.99517,117.44783
-74.220437,110.17309,110.34335
-74.234512,110.36878,97.521595
-74.236462,110.56808,90.706643
-74.237324,110.7684,85.727621
-74.229551,110.96562,83.203094
-74.225481,111.16467,92.523692
-74.235906,111.3621,102.7194
-74.25162,111.55587,106.71369
-74.269637,111.74755,107.31986
-74.28646,111.94026,104.80248
-74.299557,112.13434,113.77694
-74.332215,112.30328,124.08699
-74.3641,112.47302,115.93661
-74.38212,112.66464,108.90571
-74.401421,112.85203,117.23532
-74.433956,113.02086,120.44715
-74.459578,113.20426,115.79798
-74.484242,113.38942,117.14417
-74.51215,113.56886,115.02001
-74.533013,113.76043,113.24804
-74.557881,113.94614,112.36746
-74.576996,114.1392,110.07018
-74.597684,114.33078,115.94173
-74.627259,114.50867,113.3356
-74.643156,114.70672,100.84017
-74.649861,114.91185,102.93617
-74.669696,115.10651,108.37212
-74.686739,115.30447,106.49021
-74.703081,115.5034,107.60715
-74.722234,115.6999,110.9986
-74.744913,115.89266,122.8083
-74.783366,116.04576,129.06535
-74.816327,116.21688,126.13361
-74.850732,116.38537,124.32145
-74.880899,116.5651,116.14424
-74.901491,116.76243,98.098891
-74.89799,116.97038,84.156971
-74.891881,117.17667,94.384876
-74.908103,117.37965,112.58237
-74.93645,117.56556,121.66106
-74.96892,117.74379,117.7786
-74.989781,117.93803,110.04876
-75.008288,118.13506,115.59996
-75.039102,118.31646,121.68408
-75.068791,118.49965,117.36189
-75.092032,118.69516,115.70157
-75.118952,118.88504,112.94845
-75.137158,119.08785,106.03453
-75.151538,119.29508,102.46608
-75.163057,119.50458,101.05688
-75.174792,119.71463,103.55756
-75.191011,119.92012,111.78656
-75.217748,120.11164,116.62794
-75.242809,120.30634,115.21352
-75.267075,120.50295,114.37536
-75.29068,120.701,114.42688
-75.315034,120.8981,116.49984
-75.342243,121.09026,117.89985
-75.369031,121.28367,115.86566
-75.392696,121.483,111.22737
-75.411232,121.69023,108.70306
-75.430389,121.8972,117.33279
-75.463706,122.07617,125.14283
-75.496232,122.25802,124.5848
-75.528595,122.4398,115.64474
-75.545696,122.6513,107.42303
-75.563883,122.86026,101.24924
-75.5693,123.08134,105.33946
-75.594517,123.27499,122.72886
-75.630483,123.45103,122.16662
-75.655311,123.65105,111.36596
-75.672872,123.8645,108.94254
-75.693459,124.07273,113.159
-75.718543,124.27493,113.91687
-75.740516,124.48209,108.73397
-75.756199,124.69803,108.72344
-75.778238,124.9067,103.88353
-75.784605,125.12816,101.44369
-75.802099,125.34111,111.09231
-75.826501,125.54707,110.77914
-75.842824,125.75532,120.36725
-75.880886,125.9132,116.2124
-75.891093,126.14047,102.13947
-75.906579,126.35904,106.76652
-75.925199,126.57423,108.42575
-75.943747,126.78983,108.99999
-75.963424,127.00437,106.73652
-75.977773,127.22527,101.40338
-75.987458,127.44959,100.4668
-76.000026,127.67204,104.89285
-76.01796,127.88859,110.48038
-76.040793,128.09956,113.46467
-76.064189,128.30983,110.27452
-76.081192,128.52919,107.97687
-76.100385,128.74533,108.481
-76.118248,128.96351,110.29724
-76.140827,129.17687,110.85893
-76.159851,129.39589,113.02921
-76.186147,129.60224,114.7027
-76.208088,129.81684,109.77751
-76.225741,130.03926,108.01513
-76.244572,130.26004,105.99565
-76.258426,130.48665,98.927091
-76.263883,130.71766,91.539896
-76.263567,130.94914,92.70924
-76.27128,131.18001,98.141181
-76.281458,131.41029,100.96426
-76.294549,131.63815,102.31771
-76.307201,131.86542,96.226705
-76.308641,132.0982,88.718372
-76.306903,132.33182,86.858874
-76.304738,132.56387,83.65202
-76.296831,132.7929,85.75935
-76.298742,133.02571,96.888626
-76.312222,133.25385,98.171944
-76.316586,133.48621,96.135676
-76.326183,133.71633,95.584827
-76.329497,133.94959,93.536025
-76.335195,134.18229,97.433734
-76.345918,134.41153,97.205232
-76.351138,134.64369,92.060208
-76.352072,134.87782,95.762253
-76.364384,135.10831,93.542504
-76.36101,135.34088,90.958661
-76.368393,135.57232,93.871377
-76.370571,135.80419,89.316709
-76.369261,136.03746,89.619086
-76.372025,136.27114,87.621666
-76.366873,136.50392,89.05632
-76.372394,136.73809,93.969904
-76.376716,136.97267,93.42537
-76.38119,137.20744,91.617293
-76.382022,137.44209,88.230201
-76.379965,137.67652,87.209121
-76.378823,137.91132,89.40136
-76.380996,138.14647,94.20056
-76.389088,138.38058,93.01438
-76.388949,138.61453,82.127813
-76.376226,138.84156,75.82991
-76.364005,139.06849,75.01456
-76.349801,139.29257,72.701496
-76.333271,139.51362,69.855174
-76.313854,139.72926,74.20271
-76.305445,139.95954,83.042241
-76.302637,140.19269,90.586894
-76.308724,140.42628,94.994407
-76.314389,140.66007,85.87029
-76.303018,140.88617,69.458736
-76.278021,141.09173,63.06963
-76.254925,141.29949,69.962887
-76.242447,141.52488,72.446255
-76.223835,141.73993,64.922282
-76.197918,141.94076,66.375121
-76.181813,142.16056,66.034519
-76.155323,142.35966,60.343616
-76.129117,142.55947,60.661658
-76.103358,142.75777,66.40064
-76.087298,142.97613,71.860614
-76.071105,143.19353,71.062207
-76.0536,143.40907,73.736964
-76.042437,143.63123,73.545566
-76.024581,143.846,71.654722
-76.00972,144.06592,79.293694
-76.006262,144.29412,80.810091
-75.994323,144.51468,81.55089
-75.992268,144.74321,83.180648
-75.983343,144.96849,79.516071
-75.97426,145.19359,85.434231
-75.976661,145.42351,87.634989
-75.971801,145.64706,83.976457
-75.967328,145.87074,81.463496
-75.957743,146.0918,80.72066
-75.951764,146.31744,83.620423
-75.947565,146.54546,82.555407
-75.939508,146.77159,73.850223
-75.919192,146.97944,65.397784
-75.895654,147.18367,73.35319
-75.890153,147.40729,83.025675
-75.884374,147.63284,82.452276
-75.877708,147.85845,80.463764
-75.868131,148.08177,74.103328
-75.849629,148.29362,70.069622
-75.832584,148.5072,70.554458
-75.815026,148.71916,66.096836
-75.790037,148.91844,62.6945
-75.766339,149.11963,64.146117
-75.743903,149.32327,63.511408
-75.719121,149.52147,61.274683
-75.692843,149.71612,63.090278
-75.671179,149.9204,69.928538
-75.657062,150.13593,73.617746
-75.641974,150.35161,81.355661
-75.642594,150.57502,91.11482
-75.645964,150.8,78.198468
-75.622685,150.99965,57.163103
-75.588451,151.17135,50.942109
-75.554867,151.34423,58.781126
-75.533672,151.54712,64.592764
-75.509537,151.74456,59.068663
-75.479012,151.92557,56.406077
-75.450412,152.11166,61.4992
-75.428367,152.31251,70.835599
-75.416286,152.52706,78.58236
-75.408435,152.74611,71.362484
-75.383141,152.943,48.36648
-75.339,153.06352,42.431184
-75.304453,153.23215,49.414729
-75.268833,153.39489,46.77265
-75.230714,153.54787,48.200217
-75.197263,153.71673,51.29618
-75.163617,153.88511,50.727575
-75.129255,154.05076,50.238627
-75.094894,154.21593,49.828234
-75.060376,154.37673,56.735788
-75.037305,154.56875,51.836594
-74.995757,154.70494,37.8618
-74.952727,154.82648,30.860466
-74.903248,154.91918,38.481883
-74.871336,155.0786,63.119805
-74.856608,155.28787,68.227796
-74.832311,155.47397,56.086067
-74.797531,155.63585,59.297451
-74.778496,155.83349,60.637125
-74.745994,155.99965,55.55808
-74.718257,156.17923,51.252764
-74.679397,156.32427,46.371191
-74.643933,156.48185,44.825524
-74.603105,156.61757,44.536861
-74.567547,156.77166,51.32293
-74.536548,156.93975,41.870762
-74.488994,157.04156,34.111865
-74.446786,157.17002,39.371229
-74.405419,157.3022,39.825167
-74.363741,157.4327,35.551314
-74.317583,157.5387,33.944574
-74.274047,157.65903,36.989572
-74.23115,157.783,34.19426
-74.183733,157.88806,39.866799
-74.150415,158.03534,60.857264
-74.133975,158.22884,66.639916
-74.108646,158.4078,67.97961
-74.094569,158.60441,78.727686
-74.088753,158.80745,79.035438
-74.075281,159.0037,70.063399
-74.053002,159.18831,65.404746
-74.031058,159.37311,65.557828
-74.009053,159.55763,64.951973
-73.986069,159.73995,59.729768
-73.955097,159.90691,70.941714
-73.953471,160.10249,82.585606
-73.94267,160.29939,78.482944
-73.93314,160.49654,72.750305
-73.912368,160.67554,67.158642
-73.892611,160.86224,67.573939
-73.871779,161.04918,58.271894
-73.836933,161.19974,46.761354
-73.798144,161.33888,49.861516
-73.76784,161.50293,59.517639
-73.744021,161.68169,66.483194
-73.725449,161.86894,70.715716
-73.709144,162.05871,77.725373
-73.703589,162.2572,86.047309
-73.702864,162.45829,81.023405
-73.687929,162.64843,77.325322
-73.680202,162.84605,79.72834
-73.669667,163.04109,78.684484
-73.659991,163.23665,82.881262
-73.657353,163.43612,86.684417
-73.654855,163.63575,79.249786
-73.638309,163.82447,75.791197
-73.62936,164.01902,83.899888
-73.627911,164.21838,86.366625
-73.623598,164.4156,83.774887
-73.617242,164.61261,76.731948
-73.59976,164.80071,69.452001
-73.579863,164.98529,64.017047
-73.553311,165.15385,61.151745
-73.528589,165.32852,62.274658
-73.503546,165.50289,64.451648
-73.482968,165.68063,58.634411
-73.448621,165.83304,57.750338
-73.425977,166.01061,61.734398
-73.397963,166.17802,59.207396
-73.37101,166.347,64.248101
-73.351651,166.52922,64.045051
-73.324349,166.69721,67.903481
-73.311964,166.88726,75.179432
-73.297476,167.07384,73.971577
-73.28284,167.26165,69.898527
-73.261151,167.4374,59.973126
-73.229672,167.59464,60.255224
-73.208072,167.77302,57.438124
-73.172437,167.9175,51.600702
-73.141241,168.07491,51.774544
-73.106564,168.2165,48.723422
-73.071306,168.35862,51.331381
-73.039574,168.51442,55.327955
-73.010519,168.67161,59.989474
-72.986678,168.84099,62.58251
-72.96135,169.00979,59.463512
-72.932384,169.16817,55.335444
-72.900347,169.32203,50.06547
-72.863175,169.45945,50.522182
-72.831733,169.61489,46.871253
-72.790403,169.73174,43.196325
-72.753885,169.86989,48.150319
-72.718304,170.01271,54.843181
-72.69193,170.17733,61.098771
-72.666217,170.3432,59.218665
-72.636733,170.50106,61.538785
-72.615317,170.67112,65.371009
-72.592238,170.84047,68.838279
-72.576635,171.0211,75.046109
-72.564722,171.20383,78.564962
-72.555835,171.38624,76.791657
-72.540696,171.56535,67.799991
-72.515437,171.73141,60.584819
-72.487609,171.89159,58.281854
-72.458686,172.04868,47.681513
-72.415773,172.16264,43.992524
-72.381217,172.30453,53.980263
-72.352362,172.46157,58.376585
-72.324819,172.61857,65.187467
-72.307544,172.79453,69.839948
-72.287725,172.96642,69.153405
-72.269273,173.13989,69.512515
-72.250158,173.31159,73.320049
-72.238611,173.49191,76.754382
-72.225606,173.67165,73.23799
-72.20773,173.84394,69.869114
-72.188911,174.01395,70.00521
-72.17115,174.18725,66.438699
-72.145846,174.35009,63.545855
-72.122896,174.51638,63.122954
-72.096947,174.67704,55.907904
-72.062396,174.81811,54.66582
-72.03436,174.97432,58.12642
-72.005104,175.12821,50.803311
-71.966162,175.25483,49.56048
-71.934932,175.40362,57.736429
-71.908264,175.56173,52.348082
-71.869224,175.68787,39.221636
-71.824249,175.7895,27.798257
-71.773447,175.8548,29.975445
-71.73149,175.96579,46.371759
-71.699095,176.11221,55.740564
-71.670036,176.26368,59.606244
-71.644246,176.42071,50.676367
-71.602424,176.53519,33.169375
-71.553489,176.61485,25.668918
-71.503998,176.6893,24.700154
-71.454391,176.76292,27.262436
-71.407314,176.85081,29.209825
-71.35985,176.93399,15.214666
-71.30507,176.94038,6.7553675
-71.251542,176.97462,0.90333
-71.198462,176.94528,343.13826
-71.149554,176.87493,341.889
-71.096116,176.83745,354.78346
-71.041605,176.84264,1.8281033
-75.159608,38.502126,186.34225
-75.214547,38.473961,183.92013
-75.269719,38.46417,180.56586
-75.324936,38.461291,183.54546
-75.379576,38.428699,189.30041
-75.433974,38.381972,187.05001
-75.489163,38.366326,177.63451
-75.543897,38.391893,174.83707
-75.598053,38.397533,186.82078
-75.651692,38.331226,198.71284
-75.703783,38.24478,196.4344
-75.757701,38.196395,185.02346
-75.813289,38.197064,175.84555
-75.867872,38.220696,176.69853
-75.923013,38.214377,181.49825
-75.978215,38.19996,178.12155
-76.03297,38.220722,180.25703
-76.087099,38.188996,192.5595
-76.140444,38.112116,194.9289
-76.193823,38.061545,182.2904
-76.248316,38.085476,172.23675
-76.303188,38.115969,173.43211
-76.358037,38.130263,173.69411
-76.412517,38.158718,173.10482
-76.46724,38.177932,178.82991
-76.52207,38.159123,187.65592
-76.57607,38.105729,181.50649
-76.630205,38.13811,172.26026
-76.684816,38.161085,178.39312
-76.739981,38.142163,181.42945
-76.795141,38.139746,179.95446
-76.850193,38.133171,183.64805
-76.905013,38.0993,189.55805
-76.959205,38.042436,188.94783
-77.013764,38.013893,181.57739
-77.068911,38.019575,178.71916
-77.124033,38.015387,183.12549
-77.178891,37.982767,185.10714
-77.233725,37.961427,180.32974
-77.288731,37.970364,180.40231
-77.343809,37.948041,183.66048
-77.398792,37.928294,178.7207
-77.453463,37.949766,175.17236
-77.508278,37.961403,179.72091
-77.5634,37.942248,185.7179
-77.618146,37.900034,190.26777
-77.672235,37.84001,188.74059
-77.727057,37.811485,184.61845
-77.781944,37.788066,190.30362
-77.835432,37.707814,193.01164
-77.889359,37.660146,181.85518
-77.944179,37.681143,171.4146
-77.997999,37.729533,183.98587
-78.049792,37.635037,207.53363
-78.094681,37.477342,218.44626
-78.136516,37.295435,216.49343
-78.184071,37.149273,215.41919
-78.227594,36.972007,217.26129
-78.273364,36.809866,203.59598
-78.32669,36.749931,193.66791
-78.379613,36.671379,200.59918
-78.429922,36.546817,204.61463
-78.480709,36.430632,201.43439
-78.533051,36.3338,196.0282
-78.586859,36.266457,190.52182
-78.641457,36.22098,188.47498
-78.696128,36.172525,190.2972
-78.750297,36.108697,198.69677
-78.800373,35.980469,190.75697
-78.854035,35.996975,167.85887
-78.905925,36.089533,157.74741
-78.955514,36.206679,152.43031
-79.002328,36.348045,146.12709
-79.045392,36.521333,143.79879
-79.089807,36.684202,152.35121
-79.140861,36.780785,163.10342
-79.194205,36.844237,164.8011
-79.246306,36.92501,169.03563
-79.301104,36.945276,179.28761
-79.355737,36.920747,179.18937
-79.409561,36.942505,166.10224
-79.460104,37.052657,154.7897
-79.50808,37.190405,153.61985
-79.556143,37.308782,168.75893
-79.612525,37.294519,193.69617
-79.66136,37.153996,199.35284
-79.715373,37.081968,194.25367
-79.768418,36.989254,191.91503
-79.823086,36.941796,191.80692
-79.876173,36.848999,185.15094
-79.930295,36.875168,173.81735
-79.984799,36.905034,180.09613
-80.039199,36.86154,178.42994
-80.092495,36.910667,176.53713
-80.147685,36.887451,179.31136
-80.202409,36.906203,179.96355
-80.256588,36.875139,190.14008
-80.310231,36.778797,194.96927
-80.363751,36.691809,190.31663
-80.418428,36.648077,184.80566
-80.473345,36.623315,185.84069
-80.527835,36.566895,188.50738
-80.582327,36.510689,188.5201
-80.636809,36.453469,186.8791
-80.691307,36.416358,178.31191
-80.746079,36.460972,178.64924
-80.799464,36.418836,184.97283
-80.854343,36.388471,184.23018
-80.907846,36.354704,197.95036
-80.955537,36.166834,204.93039
-81.007968,36.046165,197.00539
-81.06123,35.946024,201.42486
-81.110363,35.773513,199.85404
-81.165008,35.690023,195.01786
-81.216277,35.573878,211.76585
-81.25591,35.309227,225.32439
-81.294986,35.044079,216.75279
-81.343978,34.864758,205.13007
-81.395169,34.718162,199.34549
-81.448154,34.605728,200.79838
-81.49797,34.440582,207.54472
-81.546105,34.246252,209.83309
-81.594234,34.051654,208.57655
-81.643339,33.870174,204.12564
-81.694942,33.726729,199.3403
-81.747431,33.60185,200.34983
-81.798309,33.443881,202.12545
-81.849741,33.294811,201.65714
-81.900914,33.14077,203.72778
-81.950802,32.963792,207.91076
-81.998574,32.756108,210.55944
-82.046148,32.544717,210.80804
-82.093677,32.331531,213.11369
-82.138843,32.090749,207.18628
-82.19099,31.951045,207.09106
-82.236105,31.708101,206.83582
-82.288368,31.571008,199.23627
-82.340214,31.420172,210.44906
-82.382026,31.141585,223.16142
-82.421242,30.835215,222.33506
-82.464222,30.561717,219.48175
-82.507135,30.281802,218.47049
-82.551219,30.017279,210.75799
-82.601318,29.833307,209.43507
-82.647037,29.579775,202.96726
-82.700371,29.48874,192.13381
-82.75406,29.380804,205.26713
-82.797767,29.105278,206.34485
-82.849188,28.988495,203.46004
-82.896225,28.742815,210.61388
-82.944433,28.514685,206.53748
-82.994356,28.325339,200.94654
-83.046571,28.175256,200.39118
-83.097339,27.989472,203.73596
-83.147216,27.787333,208.05332
-83.194319,27.536521,210.02948
-83.242618,27.302609,211.81459
-83.288967,27.017424,204.94249
-83.339922,26.896882,188.66382
-83.394196,26.861893,191.4864
-83.446085,26.689179,197.3069
-83.498959,26.55579,199.97518
-83.545982,26.347763,184.32885
-83.597051,26.476482,185.29554
-83.646756,26.244436,217.41484
-83.683861,25.85549,222.49198
-83.72783,25.551513,212.49917
-83.776427,25.294513,207.74131
-83.825457,25.055743,201.31212
-83.877957,24.904932,194.5347
-83.931488,24.776929,195.88021
-83.983163,24.599729,202.00835
-84.032295,24.365038,196.58871
-84.086663,24.282602,191.24336
-84.139682,24.136276,200.24889
-84.189061,23.888556,207.93603
-84.236621,23.604082,199.62143
-84.290156,23.508261,191.68718
-84.343071,23.360737,193.66458
-84.396265,23.224222,193.20946
-84.449437,23.082518,190.45865
-84.503275,22.998951,188.53864
-84.556923,22.892804,191.93817
-84.60994,22.73813,195.65476
-84.662292,22.55406,195.13544
-84.715085,22.408768,190.81179
-84.768822,22.311098,193.81928
-84.820678,22.098718,197.26317
-84.87303,21.927386,193.54422
-84.925742,21.791745,196.40931
-84.976587,21.556182,193.74086
-85.030987,21.47478,197.88084
-85.078284,21.148837,202.4633
-85.130962,20.966556,190.19695
-85.184652,20.901135,180.43106
-85.239089,20.939961,179.31978
-85.293312,20.898137,177.32215
-85.347146,20.986783,185.09096
-85.3974,20.759217,203.04447
-85.447124,20.425314,199.6467
-85.500632,20.267363,201.35133
-85.547344,19.89349,203.47456
-85.599605,19.684554,197.1512
-85.65324,19.437123,216.96693
-85.671487,18.942538,204.93932
-85.728761,18.950094,187.62381
-85.781077,18.717808,197.86731
-85.83253,18.46448,204.77221
-85.879569,18.056776,210.71242
-85.926491,17.651764,205.65215
-85.977528,17.3611,200.78541
-86.028406,17.067012,194.07989
-86.082235,16.954984,183.67343
-86.13661,16.945003,185.63233
-86.189663,16.77183,193.06847
-86.24236,16.544925,192.20761
-86.29583,16.392857,186.46957
-86.35001,16.33226,182.46227
-86.40424,16.298423,182.23996
-86.458479,16.242597,187.04349
-86.511508,16.055345,195.40532
-86.562962,15.733372,198.3678
-86.614886,15.446636,192.6681
-86.668674,15.3008,184.02037
-86.722859,15.294089,184.54893
-86.776377,15.123063,190.96898
-86.828883,14.895725,184.21695
-86.883139,14.960728,179.94965
-86.937178,14.87424,188.99735
-86.989856,14.609936,193.71929
-87.042681,14.346921,194.37093
-87.095006,14.049195,200.86948
-87.143974,13.536567,200.69927
-87.195463,13.247219,192.50186
-87.248771,13.026364,203.56125
-87.291626,12.317761,209.75062
-87.341979,11.849084,203.91162
-87.391055,11.315503,205.30341
-87.440185,10.776616,199.02911
-87.493159,10.486222,186.47033
-87.547219,10.476316,180.17816
-87.601346,10.459048,182.5535
-87.655307,10.335081,187.91033
-87.708464,10.058725,189.04528
-87.762164,9.8765727,185.74621
-87.816268,9.7521643,188.16152
-87.869033,9.4347587,195.05634
-87.920567,8.9461295,196.28848
-87.973041,8.54961,196.61013
-88.024076,8.0186939,202.78307
-88.07272,7.2673464,206.95721
-88.120935,6.4830394,202.43283
-88.172344,5.9574611,196.74242
-88.223623,5.463432,197.23871
-88.272353,4.9026172,202.45459
-88.318657,4.0907419,201.30011
-88.370419,3.5441972,192.36482
-88.423574,3.2475535,189.19956
-88.476928,2.8797626,195.49413
-88.527285,2.099366,207.76119
-88.571783,0.83615531,213.64404
-88.617342,359.59366,221.32582
-88.651694,357.7856,227.60175
-88.689706,356.08713,229.0459
-88.721547,354.10851,239.60553
-88.743341,351.78937,247.79052
-88.761839,349.36719,253.55613
-88.772983,346.84555,238.76835
-88.813902,345.18978,217.78471
-88.857313,343.58951,215.68546
-88.901085,341.96212,220.46783
-88.938127,339.86898,233.76633
-88.963138,337.18284,241.11588
-88.989179,334.50645,238.5524
-89.018188,331.85573,240.91586
-89.039,329.04892,243.22404
-89.060265,326.6997,265.73799
-89.043375,323.15833,269.14387
-89.060114,320.00422,251.64951
-89.075861,316.79658,261.10209
-89.074618,313.37723,272.71826
-89.068355,309.97312,272.80661
-89.067048,306.62441,267.60746
-89.070807,303.26486,274.10711
-89.057154,299.99168,280.06195
-89.049624,296.75177,272.80753
-89.04985,293.44382,272.01617
-89.044052,290.18218,273.86327
-89.040848,286.93554,269.49644
-89.043797,283.7059,267.45141
-89.044793,280.4562,274.79793
-89.033701,277.29698,284.96106
-89.015348,274.28342,289.23671
-88.996324,271.3502,290.22453
-88.976373,268.49454,293.06529
-88.952423,265.79412,298.51498
-88.923093,263.31733,299.58316
-88.897383,260.80789,292.52606
-88.88079,258.15409,293.1511
-88.854353,255.76198,297.09911
-88.830596,253.35451,301.1271
-88.797696,251.2604,316.38691
-88.752063,249.88424,331.28555
-88.701008,248.92911,336.74282
-88.649719,248.04928,339.42297
-88.596957,247.36568,335.7177
-88.548634,246.30106,323.79105
-88.508312,244.90721,306.03112
-88.483408,242.93137,317.75333
-88.442397,242.65272,344.55288
-88.403145,242.18461,315.97202
-88.376919,240.47582,313.18646
-88.330295,239.48033,324.62029
-88.287303,238.36527,337.24016
-88.232647,238.1585,2.7275758
-88.17763,238.57658,8.2668931
-88.122086,238.72385,355.54811
-88.068009,238.39478,349.16851
-88.013213,238.17088,349.04814
-87.959192,237.85595,352.35403
-87.903881,237.81395,346.59896
-87.85341,237.24243,336.06158
-87.80283,236.67686,336.41589
-87.751996,236.14582,331.04888
-87.707446,235.38908,319.48682
-87.669434,234.423,316.80744
-87.627896,233.57941,320.86741
-87.584699,232.79045,329.92526
-87.534364,232.33122,352.3513
-87.479256,232.49892,7.2234047
-87.424244,232.6929,14.129804
-87.37135,233.13538,17.855741
-87.319118,233.46531,2.7213921
-87.26395,233.29765,347.44258
-87.211258,233.01215,346.33173
-87.157464,232.81031,351.11481
-87.102513,232.71318,355.37738
-87.047226,232.67728,353.33235
-86.992847,232.5107,348.8454
-86.938843,232.31395,348.77864
-86.884507,232.15032,347.21274
-86.831314,231.90798,343.25761
-86.779036,231.61729,341.29905
-86.726761,231.31711,330.35318
-86.686582,230.72976,339.43921
-86.63011,230.71601,1.8775597
-86.57485,230.82735,6.755927
-86.519827,230.96855,6.4391007
-86.464554,231.06695,5.0227397
-86.409151,231.16035,2.8146676
-86.353503,231.18946,354.12556
-86.299808,231.02182,350.20396
-86.245642,230.93458,357.2198
-86.19029,230.97272,355.31033
-86.135977,230.83554,353.62731
-86.080751,230.82299,356.22298
-86.025707,230.76263,357.65415
-85.9704,230.7888,1.1873882
-85.914994,230.82621,0.24217117
-85.859635,230.82678,359.71118
-85.804266,230.8488,0.72739948
-85.748941,230.87586,357.43542
-85.693956,230.81345,354.59906
-85.638915,230.76725,0.75827919
-85.583648,230.85961,9.1934955
-85.52908,231.0228,0.56454331
-85.474942,230.90435,356.91104
-85.419646,230.97386,1.7564305
-85.364432,230.97471,354.81133
-85.30991,230.87957,348.52262
-85.256356,230.73451,346.1408
-85.202935,230.58744,346.32961
-85.149288,230.44969,347.64523
-85.095211,230.33469,346.37874
-85.042282,230.17295,345.50725
-84.988975,230.04208,350.38007
-84.933808,229.98743,358.94383
-84.879069,230.04301,7.1383246
-84.824285,230.16334,6.3811516
-84.768899,230.20344,7.999971
-84.714777,230.35314,18.82818
-84.663928,230.60786,23.914523
-84.613005,230.85189,19.430082
-84.559464,231.01698,6.8484597
-84.503862,231.01307,357.62026
-84.448901,230.99248,349.3565
-84.396068,230.82831,349.17109
-84.342301,230.80508,9.5152851
-84.290002,231.02547,12.517149
-84.234557,231.06541,6.1574862
-84.17983,231.16361,7.0837209
-84.124587,231.22042,8.9872843
-84.070259,231.35124,6.6824651
-84.015026,231.36522,357.40291
-83.95962,231.32501,340.30542
-83.917292,231.05377,335.54061
-83.863544,230.9297,344.13459
-83.811123,230.79231,342.54513
-83.758838,230.64454,345.79109
-83.704462,230.56377,357.02397
-83.649334,230.61176,6.7988254
-83.594666,230.70016,5.2768558
-83.538448,230.72286,10.164648
-83.487315,230.88684,25.720435
-83.439761,231.15061,20.527336
-83.384721,231.23655,2.8407878
-83.329581,231.21733,357.90905
-83.274193,231.22073,355.64559
-83.219462,231.16537,351.17124
-83.165027,231.09645,349.84316
-83.110792,231.02088,353.33192
-83.055615,231.00812,359.61075
-82.999985,231.03254,8.4272398
-82.946308,231.15632,11.308721
-82.891238,231.22514,9.2599149
-82.836547,231.31637,9.4615066
-82.781618,231.3872,4.4943203
-82.726187,231.40234,0.71185588
-82.670801,231.41522,0.83090727
-82.61535,231.43189,2.4747206
-82.559995,231.46889,0.83926631
-82.504622,231.46144,0.77606485
-82.449509,231.4966,3.6988769
-82.39483,231.53128,7.2389053
-82.340027,231.61623,5.5448448
-82.28447,231.62746,6.2740676
-82.230612,231.72013,9.9221095
-82.175478,231.78254,358.03831
-82.121435,231.7096,356.23364
-82.066045,231.74538,3.6494427
-82.010596,231.77599,3.7169503
-81.955184,231.81217,4.2552735
-81.899708,231.84973,6.4856539
-81.844844,231.91518,0.26231031
-81.789846,231.86914,356.5624
-81.734364,231.88389,1.0706752
-81.678825,231.89851,2.9829887
-81.623402,231.9382,3.1546559
-81.568252,231.95483,359.5046
-81.513153,231.94662,6.1651527
-81.458722,232.04774,4.4251763
-81.405429,232.01703,352.11597
-81.351569,231.96344,0.28674743
-81.296298,232.03402,7.3511934
-81.240732,232.07114,1.2691536
-81.185245,232.06448,354.48463
-81.130646,232.01669,346.0382
-81.078495,231.90732,340.50896
-81.026678,231.79351,341.78015
-80.974039,231.70084,354.73987
-80.918495,231.74329,3.7509442
-80.863291,231.76015,354.84263
-80.809022,231.69558,348.46754
-80.754746,231.6357,350.40374
-80.699948,231.59483,356.55298
-80.644431,231.60801,358.29864
-80.589508,231.58833,351.75102
-80.535289,231.5253,348.8643
-80.480875,231.47205,352.31448
-80.425426,231.4492,344.44137
-80.376442,231.31103,339.74614
-80.323105,231.23574,357.58852
-80.270665,231.29638,13.797168
-80.217545,231.39879,12.436582
-80.162104,231.44798,8.3096724
-80.107451,231.5042,357.718
-80.053161,231.43603,337.03685
-80.008006,231.27254,333.33976
-79.956304,231.16661,344.73583
-79.902613,231.11998,352.94495
-79.846955,231.1021,3.3483256
-79.79319,231.16759,4.7566551
-79.738042,231.16502,1.2680414
-79.682563,231.19318,4.4415252
-79.627168,231.22462,7.4800005
-79.572389,231.28428,5.425578
-79.516921,231.29391,359.12538
-79.461482,231.28706,0.62781504
-79.40603,231.31216,4.1979534
-79.350311,231.34269,0.45858381
-79.295447,231.3288,348.5438
-79.243119,231.23817,346.24882
-79.188503,231.20033,348.83081
-79.134807,231.13633,345.39085
-79.081573,231.06439,344.43697
-79.028421,230.99166,344.96433
-78.97493,230.92557,351.19015
-78.919369,230.91481,5.651935
-78.865543,230.99191,5.3497392
-78.810206,230.97858,350.83102
-78.756681,230.91322,347.5983
-78.702655,230.86869,352.57906
-78.647727,230.85208,354.19039
-78.592902,230.82338,356.84098
-78.537314,230.83228,0.6733354
-78.481792,230.84081,358.38715
-78.426109,230.82773,2.452033
-78.371812,230.87445,10.592563
-78.317376,230.93765,9.9619491
-78.262157,230.97891,5.5372456
-78.206701,231.00044,0.4708825
-78.151314,230.99401,356.99704
-78.095908,230.98293,357.39044
-78.040529,230.9802,352.6123
-77.986542,230.92557,350.10167
-77.931904,230.89982,358.65288
-77.876146,230.92334,359.37409
-77.820716,230.90459,348.2566
-77.769302,230.82885,354.23634
-77.713448,230.86331,1.9486948
-77.658025,230.8568,355.72131
-77.60287,230.83509,354.43396
-77.547621,230.81711,352.0935
-77.493302,230.77507,348.79891
-77.439094,230.72831,353.11912
-77.383716,230.72438,1.0410232
-77.328169,230.7472,0.048348387
-77.272975,230.73477,356.82884
-77.217562,230.72938,359.0698
-77.161927,230.73641,355.80619
-77.10736,230.70316,353.12512
-77.052228,230.68711,359.13697
-76.996616,230.70525,0.26942141
-76.940941,230.69912,359.4046
-76.886941,230.70962,11.221424
-76.834606,230.79955,11.602137
-76.779059,230.81494,1.5829549
-76.723475,230.82228,1.0614807
-76.667928,230.83317,359.77631
-76.612426,230.82982,357.57297
-76.55699,230.82237,356.8306
-76.501415,230.81289,0.37858148
-76.446272,230.83453,4.300745
-76.391581,230.85678,2.0090304
-76.336215,230.85988,355.81866
-76.281307,230.83213,349.50208
-76.227231,230.78432,347.42048
-76.173244,230.74028,354.27208
-76.117473,230.74736,0.94995207
-76.061886,230.75686,6.3513301
-76.008049,230.8059,5.2741442
-75.952239,230.80713,359.90398
-75.896649,230.81399,359.75838
-75.841158,230.81407,358.21568
-75.78578,230.80879,354.29542
-75.731348,230.77853,355.0404
-75.676081,230.77901,354.32213
-75.621446,230.74348,346.1888
-75.569294,230.68235,347.75359
-75.515153,230.65963,359.35763
-75.459504,230.68578,4.2710157
-75.404461,230.7007,11.988917
-75.35399,230.7812,15.521165
-75.298512,230.82336,8.9231802
-75.244504,230.85632,352.51439
-75.193178,230.77784,339.22656
-75.14019,230.70993,351.92048
-75.085383,230.72648,6.3071561
-75.030118,230.76472,8.5084926
-74.974884,230.79782,6.4554052
-74.919435,230.82063,3.9843285
-74.863769,230.83543,5.9931352
-74.809569,230.87221,7.0532858
-74.754202,230.89453,10.439554
-74.700332,230.95544,15.752814
-74.646841,231.01517,11.070022
-74.591292,231.04278,11.122447
-74.536937,231.10303,11.793238
-74.483025,231.1341,1.6386025
-74.429385,231.12223,354.60953
-74.376146,231.10454,355.68826
-74.320969,231.09985,357.1426
-74.265544,231.09218,357.18863
-74.21,231.08779,354.72576
-74.15502,231.0629,339.20959
-74.109311,230.95574,326.67686
-74.063204,230.84869,335.79817
-74.016996,230.81131,8.6745765
-73.963779,230.90945,14.467495
-73.908411,230.91886,346.31621
-73.859354,230.82591,319.96721
-73.825575,230.67328,305.47286
-73.796543,230.50886,302.81197
-73.766839,230.3447,312.82494
-73.724487,230.23285,329.62183
-73.673727,230.1562,336.58722
-73.623128,230.08405,348.2206
-73.567904,230.08545,5.6054031
-73.512745,230.12921,5.1632237
-73.457864,230.12763,355.57888
-73.4027,230.10708,346.23657
-73.351037,230.0439,343.6237
-73.297474,230.00669,348.78621
-73.242871,229.97701,348.63921
-73.188564,229.9386,352.16754
-73.134731,229.93307,358.24482
-73.080183,229.93441,354.09485
-73.025587,229.90192,351.99109
-72.970262,229.88902,352.83421
-72.915525,229.86231,347.84374
-72.862092,229.81735,345.86594
-72.80822,229.77813,344.74996
-72.755379,229.72642,341.62767
-72.703287,229.66789,341.11152
-72.650771,229.61327,343.56799
-72.597268,229.57034,342.74578
-72.54535,229.51111,344.57129
-72.490884,229.47968,345.02113
-72.438646,229.4236,343.38197
-72.384984,229.38211,343.94271
-72.332298,229.32972,347.59399
-72.278383,229.31196,345.11511
-72.228046,229.24586,342.01246
-72.174129,229.20798,349.54729
-72.119114,229.18742,351.07059
-72.064636,229.15921,343.58074
-72.01361,229.0936,342.53978
-71.959492,229.059,343.15871
-71.908624,228.998,343.02969
-71.854534,228.9627,347.85882
-71.800587,228.93045,342.70491
-71.749638,228.86508,336.80614
-71.69918,228.79816,333.81618
-71.652716,228.71932,342.8044
-71.596604,228.70379,352.33481
-71.542003,228.6792,347.8056
-71.488944,228.63728,346.56492
-71.434744,228.60536,343.9161
-71.382913,228.54812,337.70462
-71.332603,228.48058,340.97507
-71.278814,228.44247,345.09167
-71.225898,228.39884,336.75881
-71.178465,228.31482,325.75322
-71.13533,228.21247,321.90753
-71.092343,228.10995,321.55784
-71.049616,228.00632,324.47283
-71.003545,227.91903,326.53525
-70.958502,227.82601,324.26792
-70.91458,227.72714,329.19883
-70.864494,227.65961,350.70124
-70.810644,227.68136,0.5331358
-70.755532,227.6691,348.5568
-70.70278,227.6218,340.26109
-70.651621,227.56254,330.86634
-70.607166,227.46625,327.42154
-70.559239,227.3894,325.15023
-70.517901,227.28381,320.0937
-70.475658,227.183,322.98738
-70.430709,227.0909,324.46963
-70.386414,226.9968,331.51613
-70.33482,226.94093,345.14716
-70.279948,226.91912,359.10407
-70.224861,226.94198,358.58288
-70.170074,226.91747,349.49881
-70.115693,226.88876,353.98546
-70.060819,226.88989,352.44696
-70.007119,226.85296,345.53205
-69.953671,226.81527,347.01912
-69.899225,226.78666,338.54374
-69.852547,226.70544,325.86268
-69.808602,226.61244,325.99774
-69.761583,226.53178,332.31086
-69.711017,226.46942,329.68896
-69.668037,226.37873,321.56042
-69.62611,226.27869,314.47466
-69.59191,226.15755,302.43035
-69.56866,226.01654,294.5671
-69.547286,225.87034,277.48084
-69.556728,225.71514,254.37998
-69.578853,225.56806,253.69369
-69.589629,225.41277,269.255
-69.582352,225.2572,265.50374
-69.600163,225.105,256.7693
-69.609695,224.949,261.54896
-69.618394,224.79376,262.98785
-69.62485,224.64374,258.69505
-69.639919,224.51195,230.42611
-69.688774,224.42408,214.10987
-69.734382,224.32571,236.72332
-69.747041,224.17299,255.10464
-69.764312,224.02221,256.99735
-69.773787,223.86361,259.47747
-69.786652,223.7069,257.44963
-69.799531,223.55526,258.28785
-69.810549,223.40109,261.60491
-69.817652,223.24034,272.0099
-69.808804,223.08537,269.72462
-69.82022,222.92963,258.37316
-69.833053,222.77233,258.55329
-69.844313,222.61378,259.87097
-69.854672,222.45464,263.40532
-69.859094,222.29509,269.1484
-69.85842,222.13423,264.76312
-69.871232,221.97662,263.86176
-69.872327,221.81479,264.42019
-69.883744,221.66512,258.7927
-69.89462,221.51548,268.47829
-69.888384,221.36938,257.80804
-69.918015,221.22479,237.76406
-69.948698,221.09591,248.53276
-69.957494,220.94343,284.85307
-69.92557,220.82317,326.7738
-69.875236,220.78888,345.04987
-69.822483,220.74848,348.31977
-69.767563,220.72997,3.7086986
-69.714129,220.77453,10.156985
-69.658583,220.7921,15.464525
-69.609006,220.86333,25.871916
-69.129202,60.599277,156.47186
-69.18027,60.65836,156.36996
-69.231284,60.717957,156.62984
-69.282524,60.775976,160.80563
-69.336408,60.814491,164.28315
-69.390113,60.855051,164.7047
-69.444074,60.891422,172.10567
-69.500201,60.892377,178.21857
-69.556271,60.895997,181.65928
-69.612162,60.87813,189.96687
-69.666726,60.836708,190.70316
-69.722567,60.814731,197.8447
-69.772131,60.736757,196.05919
-69.828118,60.724726,188.24413
-69.882979,60.686213,194.88958
-69.937096,60.637821,202.21491
-69.987075,60.561237,203.76007
-70.039906,60.505,193.17149
-70.095963,60.483647,185.19014
-70.151818,60.470609,191.94834
-70.204775,60.41242,200.82365
-70.257444,60.350564,195.7757
-70.312619,60.319742,192.25055
-70.36697,60.276621,200.18157
-70.417807,60.202988,208.05785
-70.466782,60.118234,211.40405
-70.514391,60.027912,215.59097
-70.558801,59.923291,215.20994
-70.607003,59.833971,206.37061
-70.659603,59.772667,203.51929
-70.710056,59.697563,207.1535
-70.75989,59.616922,204.15144
-70.812836,59.556919,198.68793
-70.866626,59.504895,197.44883
-70.92022,59.451438,194.19493
-70.975476,59.417491,188.43466
-71.031402,59.396506,190.70842
-71.085425,59.349495,198.88868
-71.137616,59.282101,201.78499
-71.190155,59.218461,197.20969
-71.245022,59.176301,195.37038
-71.298137,59.123014,201.71038
-71.348213,59.046472,198.91771
-71.402768,59.008677,202.15561
-71.450807,58.913767,211.70202
-71.499254,58.822379,211.09335
-71.547654,58.730517,210.84153
-71.596386,58.639858,212.96746
-71.642465,58.537037,218.3733
-71.685164,58.419693,222.02635
-71.726926,58.299156,221.85695
-71.769787,58.182171,221.18869
-71.812405,58.064035,219.95117
-71.856754,57.952299,217.85984
-71.90191,57.843342,217.92564
-71.946201,57.730661,219.80726
-71.989088,57.612263,220.75925
-72.032134,57.49479,216.34623
-72.080024,57.39749,212.21684
-72.127829,57.299534,212.4813
-72.17542,57.200381,212.71861
-72.222957,57.1007,212.81868
-72.27044,57.00049,212.91918
-72.317868,56.899746,213.02009
-72.365241,56.798465,213.88268
-72.41192,56.692321,208.97186
-72.463353,56.618307,203.47425
-72.514853,56.541935,204.42974
-72.56596,56.46136,201.12301
-72.619431,56.404477,195.20815
-72.674008,56.358994,195.65002
-72.727456,56.298804,194.8694
-72.782372,56.257949,197.0242
-72.834433,56.184297,193.48893
-72.890011,56.166141,181.36604
-72.946048,56.168701,169.90543
-72.998673,56.224589,168.14725
-73.053065,56.237657,159.69315
-73.098612,56.344012,149.82141
-73.14864,56.421183,154.57986
-73.198487,56.499836,151.04433
-73.245035,56.598047,145.17862
-73.288947,56.711006,149.5344
-73.339701,56.783971,166.55153
-73.395481,56.791691,176.99429
-73.451169,56.797129,180.88428
-73.506666,56.778766,175.23429
-73.560849,56.82208,162.55982
-73.612643,56.888167,156.5324
-73.662423,56.970155,158.06765
-73.715295,57.026693,159.48617
-73.766264,57.100367,151.53648
-73.812166,57.206563,149.3742
-73.86094,57.293423,159.57011
-73.915192,57.336069,163.98119
-73.967379,57.39532,157.15061
-74.016816,57.482728,154.84671
-74.067759,57.557974,158.51731
-74.12003,57.622062,163.14132
-74.173962,57.666924,166.77901
-74.22832,57.706824,170.35038
-74.283971,57.727355,170.31572
-74.337591,57.767432,159.72634
-74.386707,57.859428,152.65257
-74.436107,57.948115,151.5695
-74.483819,58.046854,158.82033
-74.538289,58.087167,160.17317
-74.587494,58.178385,158.26135
-74.640635,58.231718,166.31277
-74.695436,58.268802,167.72227
-74.749584,58.312819,163.08221
-74.801902,58.383001,164.7084
-74.856431,58.415196,179.42202
-74.912465,58.379564,199.00436
-74.961314,58.272877,210.1556
-75.009836,58.161659,200.05534
-75.06516,58.123468,182.03925
-75.120668,58.139325,168.05252
-75.173289,58.203842,158.12119
-75.223597,58.291656,149.13063
-75.267655,58.416334,143.52838
-75.312067,58.54065,141.65619
-75.353575,58.676515,139.50373
-75.394981,58.81317,143.75556
-75.442006,58.92521,145.78801
-75.486349,59.051632,148.24484
-75.535625,59.147323,150.45605
-75.582441,59.260471,149.91718
-75.6313,59.360593,148.87604
-75.676853,59.481026,138.19065
-75.712556,59.646842,129.41279
-75.746397,59.818626,129.94798
-75.782817,59.981945,132.26531
-75.820153,60.142633,131.09612
-75.854844,60.312918,131.52758
-75.892978,60.472736,131.96497
-75.928201,60.641024,123.81162
-75.953396,60.840321,126.90565
-75.992453,60.988491,141.71152
-76.03884,61.110072,146.07828
-76.084411,61.235219,141.4366
-76.124896,61.386388,138.38085
-76.166771,61.531729,140.41941
-76.21002,61.671654,136.49835
-76.246101,61.839338,127.50705
-76.276404,62.029712,125.50671
-76.309731,62.210094,126.48071
-76.341673,62.397038,132.96271
-76.3842,62.540811,151.97617
-76.437175,62.602508,165.64671
-76.491706,62.648195,164.70712
-76.54462,62.718346,161.56481
-76.597346,62.789198,158.01602
-76.647455,62.887014,158.49013
-76.700564,62.954672,161.27553
-76.753411,63.032659,152.65207
-76.79801,63.164141,139.97573
-76.837284,63.331446,135.3878
-76.876392,63.494632,125.58563
-76.899819,63.710463,115.59438
-76.923306,63.926253,120.04864
-76.954081,64.121315,126.19873
-76.987844,64.310178,122.39183
-77.012488,64.525066,123.58907
-77.047143,64.701572,138.0966
-77.093529,64.839387,139.63589
-77.131929,65.013755,127.85255
-77.160631,65.219294,119.47463
-77.18596,65.439723,108.55616
-77.193887,65.671098,100.52005
-77.204006,65.901256,108.08208
-77.226346,66.125578,121.23694
-77.260402,66.315916,135.56157
-77.304629,66.463176,140.92599
-77.346181,66.621617,133.02306
-77.379424,66.819053,125.35449
-77.409842,67.024199,118.0896
-77.43055,67.253798,115.81795
-77.457352,67.471937,134.77376
-77.51231,67.621809,133.20318
-77.521123,67.7764,116.38268
-77.548146,67.953363,111.57829
-77.556682,68.193228,101.68007
-77.568888,68.435193,108.45484
-77.590602,68.667911,113.05192
-77.611598,68.899615,116.18578
-77.63868,69.118519,119.33271
-77.665307,69.339026,119.15224
-77.692082,69.55954,119.56649
-77.719477,69.779445,122.36427
-77.750733,69.985751,132.84351
-77.793861,70.145764,140.17945
-77.836352,70.310819,135.2728
-77.872528,70.503421,127.96396
-77.904162,70.713442,135.17828
-77.949855,70.857735,140.36289
-77.98921,71.038239,131.06884
-78.022427,71.245986,125.67622
-78.053698,71.460029,127.445
-78.089579,71.657978,129.10011
-78.123537,71.864367,120.96339
-78.14648,72.108926,118.04191
-78.174629,72.322381,138.62872
-78.225501,72.435616,146.55847
-78.265151,72.602579,130.51337
-78.295327,72.825133,128.83842
-78.334439,73.014003,134.0823
-78.372689,73.206694,133.43402
-78.410804,73.400658,132.89685
-78.448339,73.598373,138.85732
-78.495035,73.753996,135.86297
-78.525331,73.959487,120.31643
-78.548765,74.205098,111.49517
-78.565294,74.463686,112.27641
-78.590044,74.705603,113.17443
-78.608261,74.962487,119.4432
-78.643548,75.17372,137.02719
-78.689235,75.330964,145.36936
-78.735296,75.482653,139.35788
-78.77319,75.685521,132.47581
-78.810549,75.890047,133.14807
-78.849294,76.089003,134.37206
-78.88839,76.286454,133.94974
-78.925841,76.486039,124.32883
-78.949866,76.741171,111.78773
-78.966625,77.008305,104.17413
-78.976441,77.288154,104.02216
-78.992871,77.554708,114.61747
-79.021942,77.796012,111.46919
-79.032659,78.075139,103.18272
-79.046684,78.347996,114.56324
-79.078034,78.584665,133.5788
-79.122847,78.754364,144.32912
-79.168807,78.914939,134.0267
-79.198796,79.156916,124.54523
-79.231952,79.388191,128.47214
-79.268157,79.607554,130.74214
-79.304843,79.825954,132.61466
-79.34373,80.033462,136.3558
-79.385645,80.226198,134.61438
-79.422119,80.448172,126.54059
-79.452007,80.696932,125.27293
-79.486233,80.926034,131.37652
-79.525469,81.136698,130.97759
-79.559472,81.372453,126.46882
-79.591862,81.61463,134.62249
-79.637134,81.790684,137.19292
-79.673414,82.017777,129.64982
-79.708457,82.252767,126.90333
-79.740559,82.499954,125.30162
-79.773121,82.746946,133.76793
-79.816884,82.930809,148.09073
-79.867621,83.064734,148.82988
-79.912773,83.245949,138.67233
-79.951558,83.468989,140.07205
-79.998454,83.639646,139.92493
-80.035257,83.857735,122.73483
-80.057565,84.152063,121.02482
-80.092536,84.389188,136.02768
-80.137334,84.581092,138.21175
-80.175963,84.806708,127.77044
-80.205696,85.078428,122.42832
-80.236072,85.342099,135.46572
-80.283636,85.51195,144.0492
-80.326863,85.715829,143.17313
-80.373488,85.895385,142.73292
-80.416191,86.105324,139.67382
-80.459268,86.314623,134.52056
-80.494587,86.566971,131.04028
-80.532885,86.806214,132.49481
-80.570487,87.050399,130.13717
-80.605325,87.309704,128.13037
-80.639917,87.570715,131.75203
-80.679967,87.803039,136.68716
-80.721711,88.027384,137.52848
-80.763016,88.255272,134.43712
-80.800358,88.506833,131.64848
-80.837775,88.759779,134.97433
-80.879792,88.9857,141.25731
-80.925626,89.186135,139.4768
-80.965127,89.429458,121.96445
-80.983189,89.750023,124.33305
-81.02687,89.982741,118.06746
-81.032141,90.314604,115.23154
-81.069785,90.54273,142.69726
-81.121951,90.737634,141.89049
-81.161296,90.989155,133.82142
-81.199994,91.245372,130.29792
-81.234097,91.527469,126.64597
-81.267357,91.815095,127.87061
-81.303518,92.091222,139.59134
-81.351629,92.270113,156.55193
-81.405887,92.374993,161.26712
-81.459322,92.505825,142.52857
-81.491352,92.799399,128.94544
-81.529621,93.06945,132.24666
-81.567287,93.343908,131.79285
-81.604879,93.620156,130.55699
-81.640922,93.909161,125.44893
-81.671607,94.238047,133.2102
-81.71562,94.435147,154.67947
-81.769842,94.548902,157.16986
-81.819531,94.730775,148.12131
-81.865514,94.9519,146.90077
-81.91383,95.14903,148.99263
-81.961835,95.348615,143.48219
-82.003923,95.608509,141.02233
-82.049577,95.839411,143.53583
-82.09476,96.075812,140.10424
-82.136117,96.345593,139.49649
-82.180601,96.591189,144.38606
-82.227908,96.811163,137.88107
-82.263317,97.123467,131.99173
-82.303443,97.409367,128.54619
-82.333288,97.752314,117.45392
-82.355603,98.12729,114.81188
-82.381072,98.492061,118.5472
-82.409902,98.845555,120.62931
-82.438993,99.199463,119.99889
-82.466767,99.560235,121.32344
-82.498102,99.907214,126.63278
-82.534422,100.22785,133.23091
-82.575561,100.51672,137.23632
-82.617533,100.80092,135.49719
-82.656273,101.1112,132.50124
-82.694123,101.42959,131.25295
-82.731123,101.75609,128.33893
-82.764496,102.10439,122.41087
-82.791958,102.48337,117.18449
-82.81676,102.87647,116.05067
-82.842305,103.26649,122.21036
-82.877152,103.61161,130.57817
-82.916098,103.93447,131.07156
-82.951702,104.27891,124.38273
-82.980195,104.66556,116.6526
-83.003054,105.07505,109.32272
-83.018416,105.50802,112.4243
-83.046516,105.89437,117.79135
-83.070617,106.28668,106.57212
-83.078696,106.7329,102.80674
-83.096578,107.16221,103.80326
-83.106605,107.60868,102.22185
-83.121589,108.04758,108.22054
-83.142879,108.47121,112.94253
-83.166389,108.8858,105.24235
-83.173235,109.34138,101.21685
-83.189517,109.78167,101.16381
-83.196305,110.24061,101.96172
-83.213868,110.66959,116.36632
-83.246584,111.05675,127.09899
-83.282931,111.41704,133.14152
-83.324148,111.74203,131.30409
-83.357741,112.12578,120.1276
-83.381459,112.55823,118.0008
-83.411769,112.96607,117.80118
-83.433595,113.37917,96.309137
-83.424873,113.85943,79.748945
-83.41507,114.32486,81.500248
-83.410034,114.79408,86.493375
-83.409941,115.26889,87.805574
-83.407484,115.74215,81.184121
-83.394624,116.19935,75.226392
-83.380716,116.65364,76.438539
-83.370229,117.11273,87.667143
-83.378021,117.58294,94.235917
-83.380306,118.056,88.84451
-83.377629,118.53024,91.376751
-83.384842,118.9953,102.33293
-83.403113,119.4522,106.6254
-83.418701,119.91325,97.312443
-83.419014,120.38621,86.118459
-83.413106,120.86226,84.167255
-83.409616,121.33619,88.504682
-83.41219,121.81247,90.053817
-83.411731,122.2891,85.086843
-83.404691,122.75854,80.175542
-83.394749,123.22442,77.681057
-83.382945,123.68471,72.454521
-83.363306,124.12138,67.050275
-83.341479,124.55041,72.986542
-83.333011,125.0123,80.459148
-83.32517,125.47591,74.910358
-83.306295,125.91244,70.665317
-83.290412,126.35697,67.157868
-83.265292,126.76755,69.403583
-83.253748,127.21705,76.058899
-83.240776,127.66488,71.143244
-83.220045,128.09084,68.164163
-83.201467,128.52277,74.999814
-83.19359,128.9775,79.279042
-83.183047,129.4277,75.068418
-83.167199,129.86596,71.836733
-83.150588,130.30036,69.810749
-83.131073,130.7244,67.7789
-83.110755,131.14492,67.047838
-83.089945,131.56193,61.972391
-83.060885,131.94119,62.196915
-83.040611,132.35444,69.250402
-83.023848,132.78297,70.933684
-83.006581,133.20623,74.29799
-82.996151,133.64705,75.640708
-82.981348,134.07729,69.538167
-82.959732,134.48379,65.340607
-82.937306,134.88738,65.248735
-82.915509,135.29152,60.835045
-82.885658,135.65721,61.622737
-82.865405,136.06122,69.626017
-82.849412,136.48267,69.078106
-82.8281,136.88392,61.664173
-82.799234,137.25031,54.01184
-82.765215,137.58599,50.34292
-82.730558,137.91534,52.594289
-82.70011,138.26866,48.4401
-82.659703,138.5503,45.58459
-82.624888,138.87249,52.846611
-82.594949,139.22682,62.539903
-82.576377,139.62189,72.491561
-82.564026,140.03643,83.519109
-82.566236,140.46273,88.003191
-82.562396,140.88862,89.679576
-82.567804,141.31333,94.429754
-82.573028,141.7413,94.282931
-82.578176,142.16922,96.413076
-82.587464,142.59699,94.998259
-82.589874,143.02497,82.176046
-82.574875,143.43232,81.543208
-82.576033,143.86066,85.081556
-82.567627,144.28293,80.736839
-82.560446,144.70652,79.287049
-82.54934,145.12182,75.052191
-82.534263,145.52809,76.324471
-82.525489,145.9478,79.519635
-82.516366,146.36585,82.761715
-82.513755,146.79117,83.195012
-82.505464,147.20902,82.109778
-82.5008,147.6303,82.349104
-82.49293,148.04977,84.445494
-82.492195,148.47778,78.424882
-82.47329,148.86727,54.363134
-82.432306,149.13602,46.672369
-82.400432,149.46586,54.426187
-82.370481,149.81046,53.347723
-82.336686,150.13113,52.653299
-82.30578,150.46545,57.958883
-82.280448,150.8279,60.324072
-82.253322,151.18006,54.736873
-82.219139,151.4933,53.984856
-82.190006,151.84463,67.370366
-82.17939,152.23585,83.396741
-82.179407,152.64761,81.932037
-82.165967,153.04136,67.972266
-82.140427,153.39701,56.967652
-82.108048,153.71848,56.086347
-82.081133,154.06382,65.454445
-82.064588,154.44658,70.8923
-82.047053,154.82528,70.445916
-82.029723,155.20368,76.249944
-82.022765,155.60642,75.242986
-82.003878,155.97178,63.607767
-81.976245,156.31487,55.075886
-81.943045,156.62041,50.68207
-81.909087,156.91975,52.999347
-81.879149,157.24484,49.769646
-81.840324,157.5146,43.784529
-81.80158,157.78295,42.030635
-81.76054,158.03198,41.693238
-81.721339,158.29441,43.462993
-81.682576,158.55935,41.745982
-81.641196,158.80192,36.692957
-81.596236,159.01154,35.44487
-81.553879,159.23577,44.474524
-81.520557,159.53203,47.139272
-81.481122,159.78497,50.60247
-81.453281,160.10465,61.179076
-81.429938,160.4411,63.900024
-81.406616,160.77731,66.246536
-81.387485,161.12295,68.922637
-81.368968,161.46954,66.307107
-81.345109,161.80253,62.510689
-81.319789,162.12923,49.610848
-81.278548,162.34058,38.034654
-81.236712,162.56916,41.503399
-81.19806,162.82197,46.040504
-81.162185,163.09137,48.039957
-81.12632,163.35995,46.378756
-81.088138,163.61264,42.066677
-81.046556,163.83939,40.284708
-81.006168,164.07254,43.333714
-80.968538,164.3256,41.498346
-80.925688,164.5406,45.017044
-80.893245,164.81948,51.985178
-80.860129,165.09172,41.561465
-80.814124,165.27575,27.483116
-80.764415,165.41027,23.796453
-80.715223,165.55192,26.969338
-80.668172,165.71986,30.524048
-80.622167,165.8984,34.72964
-80.579676,166.10669,39.741494
-80.539345,166.3324,42.48728
-80.500205,166.56449,47.676462
-80.467221,166.83011,51.202882
-80.433071,167.08891,47.459537
-80.394785,167.32301,50.994336
-80.365977,167.60501,57.692798
-80.337518,167.88835,57.431421
-80.308278,168.16717,56.586212
-80.278493,168.44314,58.132458
-80.251767,168.72968,60.314906
-80.225496,169.01776,57.469324
-80.194025,169.28665,63.719688
-80.179191,169.59534,77.374657
-80.171249,169.92433,75.222932
-80.152271,170.2315,62.341271
-80.12195,170.50055,57.00116
-80.093951,170.77792,61.442339
-80.070802,171.07215,59.384424
-80.039497,171.33575,56.472008
-80.011647,171.61066,61.697971
-79.988821,171.90331,59.420562
-79.957247,172.16404,50.957359
-79.921065,172.40199,46.773293
-79.883369,172.63074,45.498489
-79.845436,172.85704,43.313771
-79.804816,173.06679,44.119997
-79.768108,173.29683,49.625533
-79.735123,173.54667,51.322192
-79.700701,173.78866,47.807036
-79.662563,174.01216,47.732885
-79.628198,174.25078,54.149456
-79.599729,174.51518,53.76368
-79.5646,174.7515,54.392941
-79.537197,175.01721,58.357619
-79.508264,175.27642,54.153124
-79.474311,175.51503,56.190293
-79.448485,175.78536,60.157273
-79.420416,176.04997,51.094746
-79.38135,176.25697,38.853575
-79.336369,176.43145,41.34916
-79.301101,176.65317,54.277943
-79.274124,176.91651,49.876958
-79.232437,177.10869,34.886145
-79.18563,177.25939,27.829442
-79.136678,177.38804,22.84105
-79.085868,177.49038,19.288389
-79.034428,177.58363,20.172195
-78.984119,177.6937,25.7321
-78.937109,177.8379,29.87601
-78.889952,177.98611,38.618701
-78.854391,178.19382,46.364994
-78.819676,178.38253,29.309961
-78.766586,178.458,23.464815
-78.720586,178.61117,33.713788
-78.676342,178.77759,33.540187
-78.630204,178.92806,38.040323
-78.591634,179.1266,34.174107
-78.542202,179.24209,26.031885
-78.493968,179.37582,28.302553
-78.44667,179.5099,19.442958
-78.393371,179.56024,8.2381088
-78.339198,179.59018,8.2910756
-78.286055,179.64038,15.084409
-78.234912,179.73369,21.921741
-78.18542,179.84656,23.950385
-78.135772,179.9571,21.117228
-78.084325,180.04393,16.652774
-78.031707,180.11379,17.702504
-77.981264,180.20864,25.651322
-77.934437,180.34668,31.375528
-77.8884,180.4901,31.567918
-77.841905,180.62825,28.044726
-77.792646,180.7419,30.000759
-77.748495,180.89317,38.736372
-77.708196,181.07343,35.62509
-77.660493,181.20115,30.70986
-77.616401,181.33863,47.342362
-77.589936,181.57155,55.249322
-77.554717,181.76805,49.059465
-75.159647,0.28796642,251.7528
-75.176602,0.078427445,245.38464
-75.204808,359.88843,245.82776
-75.220641,359.67985,249.37407
-75.242544,359.4806,241.39314
-75.272419,359.29307,246.34219
-75.28542,359.08092,257.99133
-75.29487,358.86072,253.58303
-75.315879,358.65753,244.65208
-75.341121,358.46061,246.24014
-75.35956,358.24998,247.43238
-75.382342,358.05266,231.82415
-75.424697,357.90935,223.39782
-75.461445,357.74434,222.29364
-75.504687,357.60883,220.1968
-75.544256,357.45447,225.35484
-75.580926,357.28804,226.90019
-75.618467,357.12403,229.08945
-75.651851,356.94599,233.72053
-75.682499,356.75836,235.03078
-75.714007,356.57261,238.93276
-75.738148,356.36906,240.86083
-75.766487,356.17502,234.48099
-75.800943,355.99729,225.3794
-75.84234,355.85005,225.05307
-75.877182,355.67328,227.46988
-75.915401,355.51134,221.26951
-75.958377,355.36988,219.02033
-75.999678,355.21975,219.21527
-76.042324,355.0766,215.32794
-76.088049,354.9511,213.52087
-76.132708,354.81906,208.75136
-76.182726,354.72746,212.24607
-76.223183,354.57183,225.49626
-76.258354,354.3922,232.77701
-76.28851,354.1955,234.77421
-76.320674,354.00493,235.27498
-76.349974,353.80535,244.65706
-76.366324,353.5783,245.74745
-76.393813,353.3739,243.99922
-76.413154,353.15197,237.30968
-76.4509,352.97966,227.11382
-76.48675,352.80102,229.58537
-76.520862,352.61448,223.15809
-76.563628,352.48078,213.83826
-76.608982,352.35201,214.6604
-76.651263,352.21058,230.6252
-76.675103,351.98919,233.18198
-76.715074,351.82608,227.54004
-76.74761,351.63129,221.39674
-76.794609,351.50975,206.1698
-76.844554,351.41717,200.66133
-76.896028,351.33794,207.94715
-76.939266,351.18904,231.835
-76.960166,350.96234,243.32706
-76.987039,350.74816,237.01836
-77.018724,350.54468,243.63041
-77.033886,350.30782,249.33392
-77.055598,350.08634,239.24345
-77.087979,349.88426,237.02953
-77.114228,349.66465,234.74811
-77.149706,349.47663,226.13481
-77.188854,349.30288,225.33489
-77.225322,349.11918,231.1545
-77.255285,348.91522,229.78449
-77.293717,348.73856,227.80309
-77.327273,348.54079,227.62259
-77.366167,348.3633,222.78997
-77.406518,348.194,219.52916
-77.449427,348.03813,219.15131
-77.490309,347.87006,226.51038
-77.523137,347.66637,230.27251
-77.558706,347.47456,226.55138
-77.597002,347.29145,230.61526
-77.626608,347.0746,237.4053
-77.654726,346.85192,235.41079
-77.687535,346.64416,237.69467
-77.711566,346.41199,234.91091
-77.748295,346.22114,233.54738
-77.774939,345.99133,239.92035
-77.802033,345.76308,235.94153
-77.834755,345.55501,231.23567
-77.869179,345.35107,234.70182
-77.896594,345.12227,246.72306
-77.910958,344.86297,241.2877
-77.946108,344.67061,236.01759
-77.969389,344.43028,236.95094
-78.003176,344.23197,240.977
-78.019603,343.97428,244.42535
-78.04886,343.74876,239.17817
-78.074319,343.5115,241.32475
-78.10002,343.27471,235.62104
-78.1345,343.06738,233.34975
-78.163873,342.84091,243.68663
-78.18126,342.58311,243.25498
-78.211347,342.35816,234.2542
-78.243792,342.141,232.77545
-78.276198,341.92317,233.53921
-78.307439,341.70058,240.39533
-78.328469,341.44819,249.9822
-78.34338,341.18275,249.76864
-78.364771,340.93077,247.34183
-78.383599,340.67806,244.94011
-78.409073,340.4355,239.58764
-78.437096,340.20411,240.74221
-78.460567,339.95558,230.92844
-78.502973,339.7844,227.10989
-78.532838,339.55275,236.00981
-78.562831,339.31977,241.48001
-78.58313,339.06394,248.8172
-78.600535,338.79856,250.5277
-78.618023,338.53235,248.74252
-78.638648,338.27221,243.67146
-78.664976,338.02645,243.9968
-78.684816,337.76611,244.5413
-78.709698,337.52293,235.14596
-78.744639,337.31056,226.94455
-78.782499,337.11211,228.66724
-78.815233,336.88513,239.01256
-78.836903,336.62492,240.85814
-78.866364,336.38993,237.40125
-78.893959,336.14405,242.23979
-78.915535,335.88182,242.50297
-78.942665,335.63401,243.34097
-78.962905,335.36551,252.54184
-78.973774,335.07982,250.07867
-78.99791,334.82813,247.30583
-79.013454,334.55408,263.9013
-79.007567,334.2588,259.89593
-79.030298,333.99891,247.08228
-79.048226,333.72477,250.26046
-79.065538,333.44831,253.56064
-79.077437,333.16252,247.25109
-79.105437,332.9178,238.82677
-79.132172,332.66441,241.69555
-79.15565,332.40098,245.89649
-79.175108,332.1271,240.57513
-79.206857,331.89708,230.37487
-79.241627,331.68621,230.85756
-79.272202,331.45472,251.92054
-79.271593,331.15788,276.33951
-79.258353,330.86219,273.18202
-79.263772,330.56928,261.33125
-79.272889,330.27482,258.54209
-79.283708,329.98208,265.55367
-79.279382,329.6847,265.03164
-79.291161,329.39392,260.9984
-79.294557,329.0952,265.06628
-79.298632,328.79707,262.94306
-79.306057,328.50128,262.73702
-79.310514,328.20319,260.31053
-79.322506,327.91246,253.6731
-79.339396,327.62968,253.35045
-79.351969,327.33931,252.75147
-79.369896,327.05915,257.05445
-79.374301,326.76037,254.97952
-79.395702,326.49366,247.03303
-79.414697,326.21503,243.89516
-79.441891,325.95768,248.2919
-79.452821,325.66309,251.03475
-79.475385,325.39059,253.16292
-79.482029,325.09546,278.03309
-79.459475,324.83765,274.95374
-79.47121,324.52982,231.60471
-79.519912,324.41215,209.43727
-79.564599,324.24324,223.5851
-79.597052,324.00265,232.45496
-79.629853,323.7628,230.0069
-79.665921,323.53847,229.25068
-79.699703,323.30338,237.04092
-79.723439,323.0282,247.04754
-79.740524,322.73621,249.56244
-79.759788,322.44914,247.22218
-79.780784,322.17022,247.506
-79.799458,321.88204,243.26921
-79.827913,321.62138,240.0874
-79.852314,321.34523,247.09741
-79.868833,321.04511,242.40368
-79.900555,320.802,235.13934
-79.929081,320.54098,241.43526
-79.951018,320.25424,249.53045
-79.965465,319.9518,240.03211
-80.002516,319.72672,242.54798
-80.011528,319.42325,251.73214
-80.033797,319.14633,234.76185
-80.070968,318.92792,236.59261
-80.089071,318.64956,248.01802
-80.107997,318.36951,240.72846
-80.137846,318.12851,242.02777
-80.155461,317.83106,246.37026
-80.179645,317.54643,234.26158
-80.217216,317.31996,229.08779
-80.24995,317.06508,241.08079
-80.268065,316.76117,247.68541
-80.289735,316.46636,241.65848
-80.318367,316.19265,243.04174
-80.3376,315.88935,241.95955
-80.367855,315.62362,237.86966
-80.393936,315.34266,232.26165
-80.432836,315.11566,227.6715
-80.465805,314.86659,243.53657
-80.478638,314.54303,252.66193
-80.496692,314.23257,251.23698
-80.511961,313.91725,252.74099
-80.527122,313.60296,255.83692
-80.536304,313.28576,262.63214
-80.538859,312.95276,260.26184
-80.55273,312.63134,251.50431
-80.571846,312.3209,241.26913
-80.603493,312.05411,237.01306
-80.629838,311.76654,236.67243
-80.662518,311.49624,250.79017
-80.662455,311.16246,265.46767
-80.669011,310.82678,260.87557
-80.677847,310.4948,262.55668
-80.680998,310.16592,254.86261
-80.703956,309.86007,242.21967
-80.730813,309.56919,246.11786
-80.745653,309.25895,243.35065
-80.77666,308.98918,250.73062
-80.778577,308.64629,258.10625
-80.797078,308.33189,245.48871
-80.822283,308.0322,243.79322
-80.843859,307.72412,252.67314
-80.852929,307.38508,261.36164
-80.858427,307.04283,258.40129
-80.873066,306.71452,253.96658
-80.887004,306.3831,248.00465
-80.91246,306.08161,240.7637
-80.939327,305.78511,242.8584
-80.961164,305.46975,248.73122
-80.977616,305.14114,252.82289
-80.991984,304.80645,248.39191
-81.016456,304.49857,240.24592
-81.04524,304.20582,241.4367
-81.067761,303.88784,249.5528
-81.081857,303.55564,261.11682
-81.082743,303.19987,264.73588
-81.090073,302.85097,254.71243
-81.109969,302.52638,250.14561
-81.125942,302.19071,256.70558
-81.133584,301.84074,267.98287
-81.127854,301.48507,267.67568
-81.136083,301.14678,265.46276
-81.134516,300.79775,266.18585
-81.141481,300.44771,264.15993
-81.143915,300.09401,266.6324
-81.146101,299.7402,265.44722
-81.150855,299.38798,263.38498
-81.157061,299.03676,263.47603
-81.161654,298.68407,263.89798
-81.16706,298.33191,267.67478
-81.164315,297.97576,267.53712
-81.170006,297.62549,264.94938
-81.172233,297.27744,270.59074
-81.16707,296.9245,269.55568
-81.171299,296.56995,264.09116
-81.176885,296.21308,269.58356
-81.170371,295.87102,281.94474
-81.152851,295.53961,281.3853
-81.146852,295.18249,279.14244
-81.133319,294.83699,281.96124
-81.122003,294.48926,282.29841
-81.107862,294.14615,278.59109
-81.103717,293.79445,276.42141
-81.09372,293.44657,281.36505
-81.080046,293.10318,286.84203
-81.059875,292.77492,291.08324
-81.038821,292.45508,282.20699
-81.035033,292.10112,277.12633
-81.02334,291.75963,281.80633
-81.010646,291.41848,284.56573
-80.993717,291.0847,287.01004
-80.976448,290.75241,288.12823
-80.957535,290.42535,279.37373
-80.957068,290.08005,268.214
-80.959567,289.74756,278.68224
-80.93949,289.42425,285.67133
-80.928124,289.08565,279.76744
-80.919187,288.74713,274.23043
-80.918595,288.4063,272.51447
-80.912988,288.06642,277.12908
-80.903447,287.72749,277.8158
-80.896505,287.38801,272.56617
-80.89723,287.05047,271.2926
-80.892754,286.7091,272.80065
-80.890524,286.36659,273.33187
-80.885018,286.02452,271.54658
-80.886324,285.68415,268.96501
-80.885882,285.34369,276.12969
-80.873285,285.00789,287.78141
-80.85063,284.69323,294.88723
-80.825072,284.3877,292.51212
-80.806875,284.06672,295.03789
-80.77676,283.77323,297.37697
-80.75446,283.46573,278.24007
-80.760319,283.13128,287.60881
-80.722527,282.87671,308.66154
-80.689407,282.60371,300.39923
-80.665121,282.2997,295.31176
-80.640505,281.99804,292.05973
-80.622123,281.68184,289.03776
-80.602911,281.36711,293.7758
-80.576247,281.07641,304.78503
-80.538593,280.82585,310.38846
-80.502467,280.56997,303.06434
-80.476937,280.2772,287.53919
-80.46826,279.95298,280.96772
-80.45479,279.63504,275.73945
-80.456369,279.30843,278.4677
-80.437728,278.99718,279.63996
-80.437283,278.67981,271.06285
-80.435023,278.35824,276.81466
-80.423371,278.03708,279.82978
-80.41512,277.71449,280.66687
-80.401946,277.39804,293.44503
-80.370428,277.1263,298.56361
-80.348929,276.84218,305.05156
-80.308411,276.62148,307.62892
-80.280827,276.33963,303.16571
-80.246529,276.08484,303.64623
-80.218134,275.80767,305.19632
-80.181561,275.56568,316.54003
-80.136565,275.37212,317.47475
-80.098641,275.13935,317.49536
-80.054322,274.95089,324.07442
-80.007879,274.77301,325.32745
-79.961848,274.59614,328.67764
-79.911867,274.45008,327.85202
-79.866422,274.26673,321.7519
-79.823224,274.06846,320.3678
-79.779438,273.875,319.06796
-79.737874,273.66792,322.42663
-79.690396,273.50534,329.28561
-79.641189,273.35906,340.04213
-79.585784,273.30105,345.03888
-79.532486,273.20383,340.48703
-79.479229,273.10056,333.72232
-79.432281,272.94324,327.54513
-79.384785,272.78577,321.07009
-79.345259,272.57706,310.70868
-79.311062,272.34154,306.297
-79.277982,272.10382,307.33232
-79.24238,271.87758,315.38012
-79.198251,271.69932,317.91248
-79.159006,271.49221,311.6314
-79.12328,271.26934,308.24584
-79.089005,271.04103,310.2393
-79.050666,270.83459,319.21801
-79.00424,270.67162,324.79452
-78.958155,270.5063,319.07534
-78.919651,270.30447,309.39079
-78.886985,270.07395,307.472
-78.850965,269.85862,312.53399
-78.810883,269.66248,313.93595
-78.772855,269.45801,312.01221
-78.735594,269.25079,314.29605
-78.694259,269.0625,316.61345
-78.653649,268.87195,309.02348
-78.623979,268.6398,302.22712
-78.593433,268.40716,310.54728
-78.551756,268.23011,321.30674
-78.506627,268.07137,317.71462
-78.46913,267.86871,314.08833
-78.428302,267.68337,314.48296
-78.390322,267.48511,311.86063
-78.353221,267.28392,308.92722
-78.319718,267.06955,305.15696
-78.288523,266.84814,302.10858
-78.26007,266.6195,305.18445
-78.223965,266.41575,315.70961
-78.180232,266.25339,314.53056
-78.146555,266.0474,308.58455
-78.110725,265.8461,312.1249
-78.071246,265.65945,309.783
-78.039132,265.44673,301.37288
-78.013068,265.21644,301.05661
-77.981418,265.00249,305.61883
-77.947756,264.79545,305.69106
-77.915959,264.58281,308.00235
-77.878835,264.39041,309.33271
-77.844908,264.18607,310.09849
-77.80674,263.99968,314.45925
-77.76638,263.82245,317.25593
-77.724315,263.65493,315.2587
-77.686904,263.46708,307.68144
-77.656023,263.25618,305.27356
-77.622315,263.0558,308.12836
-77.586995,262.86149,306.30094
-77.55615,262.65244,303.37327
-77.525435,262.4434,303.67764
-77.4941,262.23683,307.15842
-77.458311,262.04953,318.38729
-77.411113,261.91125,324.92563
-77.365948,261.76504,318.30727
-77.328275,261.58787,319.46906
-77.281427,261.44922,319.70433
-77.242528,261.27152,321.48996
-77.194847,261.15028,331.17872
-77.144353,261.03926,324.29808
-77.104821,260.87238,305.13459
-77.081185,260.65138,297.42392
-77.053939,260.44722,307.64121
-77.014314,260.2783,316.88756
-76.972766,260.12259,323.18249
-76.92306,259.98832,308.92659
-76.905177,259.76633,295.51204
-76.875748,259.56314,318.34864
-76.825212,259.46554,336.16636
-76.773239,259.37473,340.51082
-76.719197,259.31071,341.64513
-76.666783,259.22996,333.32755
-76.619446,259.10436,319.89003
-76.582038,258.93438,311.42588
-76.546168,258.75977,317.82136
-76.50008,258.62795,325.13756
-76.454112,258.49721,323.99147
-76.409498,258.35916,324.59833
-76.36286,258.23331,328.04181
-76.314412,258.11912,332.77037
-76.263285,258.02741,337.38281
-76.210874,257.94725,334.57964
-76.161911,257.83576,336.97677
-76.108734,257.77535,345.1864
-76.054093,257.72486,339.7048
-76.004255,257.62436,330.17627
-75.956989,257.50575,329.5678
-75.90766,257.40154,334.31438
-75.85483,257.31427,324.28138
-75.81945,257.15352,310.78963
-75.783129,256.98721,316.6545
-75.738569,256.85472,328.78717
-75.687773,256.76353,337.44068
-75.635794,256.69145,321.06715
-75.605627,256.50747,306.86933
-75.568919,256.34443,312.13392
-75.530707,256.18709,315.76508
-75.4891,256.0452,320.3857
-75.444792,255.91488,320.47931
-75.402891,255.77385,314.25284
-75.367222,255.61067,306.32706
-75.337294,255.43186,315.7186
-75.289613,255.32276,323.95776
-75.247344,255.18533,319.7219
-75.204337,255.05039,320.10952
-75.161823,254.91673,317.6197
-75.12322,254.77255,326.12678
-75.070994,254.68972,340.59834
-75.016846,254.63592,348.93814
-74.96067,254.6133,341.80275
-74.91304,254.51302,328.30286
-74.866113,254.39947,331.96813
-74.814558,254.32212,340.35243
-74.760714,254.26452,344.13701
-74.706531,254.21338,346.9968
-74.651423,254.17625,345.45124
-74.598057,254.11485,337.47454
-74.548788,254.02515,333.72107
-74.49916,253.94108,325.05493
-74.457947,253.79824,320.94601
-74.413819,253.69303,336.65449
-74.361397,253.65161,345.8501
-74.306928,253.60058,341.52831
-74.255362,253.52909,333.59636
-74.207061,253.42746,329.55625
-74.15834,253.32957,338.33182
-74.104228,253.28637,333.1931
-74.061424,253.16025,321.45977
-74.016771,253.04301,325.86396
-73.969047,252.94286,329.4089
-73.920574,252.84687,329.44785
-73.872841,252.74761,334.057
-73.820379,252.68055,342.22159
-73.766209,252.63297,348.00032
-73.711527,252.60474,340.65134
-73.662459,252.51146,333.61039
-73.611209,252.43698,339.53385
-73.557627,252.38119,342.58629
-73.504066,252.32625,338.18589
-73.453966,252.24373,338.99769
-73.399977,252.19427,341.1467
-73.348027,252.12531,338.27246
-73.296885,252.05935,326.54513
-73.257451,251.9266,324.12663
-73.207421,251.84422,334.39225
-73.156204,251.76759,334.58731
-73.105957,251.68679,325.88131
-73.064754,251.56391,310.16389
-73.034859,251.40666,308.24749
-72.996055,251.27395,309.222
-72.96605,251.12705,318.94423
-72.915817,251.04431,320.62648
-72.881306,250.89978,308.20996
-72.84774,250.75896,323.2055
-72.795188,250.69026,331.8035
-72.750846,250.59223,324.61376
-72.70645,250.4868,324.90702
-72.66035,250.3875,323.54489
-72.617154,250.2747,321.42671
-72.573119,250.16386,316.42288
-72.536916,250.0288,302.55781
-72.514524,249.86498,292.561
-72.494949,249.69565,304.8281
-72.454398,249.58457,317.92116
-72.4145,249.46344,318.96797
-72.371035,249.3533,315.4887
-72.335848,249.21682,308.54028
-72.302104,249.07597,303.54614
-72.274914,248.9213,309.38718
-72.233185,248.80789,310.63164
-72.204065,248.65863,308.41157
-72.164986,248.53396,318.62918
-72.120811,248.42782,323.39059
-72.075425,248.32601,328.33956
-72.026067,248.2466,328.37229
-71.980757,248.14577,325.28015
-71.935053,248.05133,333.91993
-71.882175,247.99829,333.89191
-71.835724,247.90318,323.99691
-71.792052,247.79684,323.09846
-71.746693,247.69776,317.87582
-71.710494,247.56962,301.9925
-71.688569,247.40692,302.02325
-71.654488,247.28977,327.89301
-71.599458,247.23713,340.15442
-71.547554,247.1754,338.03133
-71.495791,247.11293,337.34536
-71.44388,247.04706,328.31807
-71.402095,246.93954,312.05738
-71.370704,246.80011,300.54139
-71.34638,246.6487,294.60484
-71.325314,246.49242,292.77781
-71.30431,246.33687,287.1092
-71.293929,246.17078,279.68429
-71.286961,246.00268,280.531
-71.274908,245.83691,280.60076
-71.267965,245.67163,268.01969
-71.280305,245.50296,266.45577
-71.276392,245.33779,284.91714
-71.253451,245.18207,298.60564
-71.223747,245.04068,311.34475
-71.18141,244.93425,325.9295
-71.132014,244.85625,334.74543
-71.080249,244.79456,336.04921
-71.029691,244.72394,339.42941
-70.976255,244.68199,349.39355
-70.920297,244.66762,355.70416
-70.864242,244.662,357.84693
-70.807424,244.66011,353.08774
-70.753098,244.6272,341.79827
-70.702702,244.56297,343.38248
-70.646636,244.5381,340.59692
-70.599275,244.46042,330.32156
-70.550454,244.38082,314.60197
-70.524739,244.24009,302.21942
-70.492539,244.10927,300.09571
-70.470139,243.96133,291.31639
-70.453311,243.80727,289.85892
-70.433688,243.65719,291.85326
-70.41324,243.50787,299.1763
-70.38093,243.378,309.44153
-70.343205,243.25995,318.92503
-70.297976,243.16997,325.56654
-70.251826,243.08154,314.94065
-70.221497,242.94957,303.33213
-70.192042,242.81682,287.60235
-70.190536,242.65668,268.38635
-70.196938,242.49452,286.37525
-70.163629,242.38017,327.59185
-70.108327,242.33558,331.46847
-70.066272,242.23211,303.8454
-70.049285,242.08108,288.94387
-70.031502,241.93097,290.20304
-70.012184,241.78261,283.92993
-70.006464,241.62509,262.9805
-70.027033,241.47768,254.18742
-70.037958,241.32346,257.68559
-70.051399,241.17989,272.66096
-70.034741,241.02341,282.53691
-70.028614,240.86576,271.74816
-70.033147,240.70758,260.55415
-70.048428,240.55503,245.94162
-70.079736,240.41769,254.12001
-70.079439,240.25853,280.05155
-70.062404,240.1102,294.37864
-70.035197,239.97096,310.94647
-69.992552,239.87903,310.16085
-69.968915,239.74579,289.67834
-69.957846,239.59097,268.65427
-69.973269,239.43576,259.14102
-69.980719,239.27711,267.06966
-69.980842,239.11715,266.66351
-69.989089,238.95843,264.93808
-69.992579,238.79859,264.0052
-70.002619,238.64069,260.68706